{
	"credit": "Made with Blockbench",
	"parent": "minecraft:block/cross",
	"ambientocclusion": false,
	"textures": {
		"particle": "block/flower_pot",
		"flowerpot": "block/flower_pot",
		"base": "block/#base"
	},
	"elements": [
		{
			"from": [5, 0, 5],
			"to": [6, 6, 11],
			"faces": {
				"north": {"uv": [10, 10, 11, 16], "texture": "#flowerpot"},
				"east": {"uv": [5, 10, 11, 16], "texture": "#flowerpot"},
				"south": {"uv": [5, 10, 6, 16], "texture": "#flowerpot"},
				"west": {"uv": [5, 10, 11, 16], "texture": "#flowerpot"},
				"up": {"uv": [5, 5, 6, 11], "texture": "#flowerpot"},
				"down": {"uv": [5, 5, 6, 11], "texture": "#flowerpot", "cullface": "down"}
			}
		},
		{
			"from": [10, 0, 5],
			"to": [11, 6, 11],
			"faces": {
				"north": {"uv": [5, 10, 6, 16], "texture": "#flowerpot"},
				"east": {"uv": [5, 10, 11, 16], "texture": "#flowerpot"},
				"south": {"uv": [10, 10, 11, 16], "texture": "#flowerpot"},
				"west": {"uv": [5, 10, 11, 16], "texture": "#flowerpot"},
				"up": {"uv": [10, 5, 11, 11], "texture": "#flowerpot"},
				"down": {"uv": [10, 5, 11, 11], "texture": "#flowerpot", "cullface": "down"}
			}
		},
		{
			"from": [6, 0, 5],
			"to": [10, 6, 6],
			"faces": {
				"north": {"uv": [6, 10, 10, 16], "texture": "#flowerpot"},
				"south": {"uv": [6, 10, 10, 16], "texture": "#flowerpot"},
				"up": {"uv": [6, 5, 10, 6], "texture": "#flowerpot"},
				"down": {"uv": [6, 10, 10, 11], "texture": "#flowerpot", "cullface": "down"}
			}
		},
		{
			"from": [6, 0, 10],
			"to": [10, 6, 11],
			"faces": {
				"north": {"uv": [6, 10, 10, 16], "texture": "#flowerpot"},
				"south": {"uv": [6, 10, 10, 16], "texture": "#flowerpot"},
				"up": {"uv": [6, 10, 10, 11], "texture": "#flowerpot"},
				"down": {"uv": [6, 5, 10, 6], "texture": "#flowerpot", "cullface": "down"}
			}
		},
		{
			"from": [6, 0, 6],
			"to": [10, 4, 10],
			"faces": {
				"up": {"uv": [6, 6, 10, 10], "texture": "#base"},
				"down": {"uv": [6, 12, 10, 16], "texture": "#flowerpot", "cullface": "down"}
			}
		},
		{
			"from": [-2.2, 4.85, 8.25],
			"to": [8.6, 16.85, 8.25],
			"shade": false,
			"rotation": {"angle": 45, "axis": "z", "origin": [8, 12.25, 10]},
			"faces": {
				"north": {"uv": [0, 0, 16, 16], "texture": "#plant"},
				"east": {"uv": [0, 0, 0, 0], "texture": "#plant"},
				"south": {"uv": [0, 0, 16, 16], "texture": "#plant"},
				"west": {"uv": [0, 0, 0, 0], "texture": "#plant"}
			}
		},
		{
			"from": [7.4, 4.85, 8.15],
			"to": [18.2, 16.85, 8.15],
			"shade": false,
			"rotation": {"angle": -45, "axis": "z", "origin": [8, 12.25, 10]},
			"faces": {
				"north": {"uv": [0, 0, 16, 16], "texture": "#plant"},
				"east": {"uv": [0, 0, 0, 0], "texture": "#plant"},
				"south": {"uv": [0, 0, 16, 16], "texture": "#plant"},
				"west": {"uv": [0, 0, 0, 0], "texture": "#plant"}
			}
		},
		{
			"from": [8.15, 6.85, -1.6],
			"to": [8.15, 18.85, 9.2],
			"shade": false,
			"rotation": {"angle": -45, "axis": "x", "origin": [8, 12.25, 10]},
			"faces": {
				"north": {"uv": [0, 0, 0, 0], "texture": "#plant"},
				"east": {"uv": [0, 0, 16, 16], "texture": "#plant"},
				"south": {"uv": [0, 0, 0, 0], "texture": "#plant"},
				"west": {"uv": [0, 0, 16, 16], "texture": "#plant"}
			}
		},
		{
			"from": [8.25, 3.05, 1.6],
			"to": [8.25, 13.85, 13.6],
			"shade": false,
			"rotation": {"angle": -45, "axis": "x", "origin": [8, 12.25, 10]},
			"faces": {
				"east": {"uv": [0, 0, 16, 16], "rotation": 270, "texture": "#plant"},
				"west": {"uv": [0, 0, 16, 16], "rotation": 90, "texture": "#plant"},
				"up": {"uv": [0, 0, 0, 0], "rotation": 180, "texture": "#plant"},
				"down": {"uv": [0, 0, 0, 0], "texture": "#plant"}
			}
		},
		{
			"from": [2.8, 4, 8],
			"to": [13.6, 16, 8],
			"shade": false,
			"rotation": {"angle": 45, "axis": "y", "origin": [8, 8.25, 8], "rescale": true},
			"faces": {
				"north": {"uv": [0, 0, 16, 16], "texture": "#plant"},
				"south": {"uv": [0, 0, 16, 16], "texture": "#plant"}
			}
		},
		{
			"from": [8, 4, 2.8],
			"to": [8, 16, 13.6],
			"shade": false,
			"rotation": {"angle": 45, "axis": "y", "origin": [8, 8.25, 8], "rescale": true},
			"faces": {
				"east": {"uv": [0, 0, 16, 16], "texture": "#plant"},
				"west": {"uv": [0, 0, 16, 16], "texture": "#plant"}
			}
		}
	],
	"groups": [0, 1, 2, 3, 4,
		{
			"name": "group",
			"origin": [8, 8, 8],
			"children": [5, 6,
				{
					"name": "group",
					"origin": [8, 8, 8],
					"children": [7, 8]
				}
			]
		},
		{
			"name": "tinted_cross",
			"origin": [8, 8, 8],
			"children": [9, 10]
		}
	]
}