{
	"credit": "Made with Blockbench",
	"parent": "block/block",
	"textures": {
		"particle": "block/small_dripleaf_top",
		"top": "block/small_dripleaf_top",
		"side": "block/small_dripleaf_side",
		"stem": "block/small_dripleaf_stem_top"
	},
	"elements": [
		{
			"from": [9, 2.99, 11],
			"to": [16, 2.99, 18],
			"shade": false,
			"rotation": {"angle": 22.5, "axis": "x", "origin": [8, 8, 8]},
			"faces": {
				"up": {"uv": [8, 8, 0, 0], "texture": "#top"},
				"down": {"uv": [8, 0, 0, 8], "texture": "#top"}
			}
		},
		{
			"from": [0, 8, 0],
			"to": [7, 8, 7],
			"shade": false,
			"rotation": {"angle": -22.5, "axis": "x", "origin": [8, 8, 8]},
			"faces": {
				"up": {"uv": [0, 0, 8, 8], "texture": "#top"},
				"down": {"uv": [0, 8, 8, 0], "texture": "#top"}
			}
		},
		{
			"from": [1, 12, 8],
			"to": [8, 12, 15],
			"shade": false,
			"rotation": {"angle": 22.5, "axis": "z", "origin": [8, 8, 8]},
			"faces": {
				"up": {"uv": [0, 0, 8, 8], "rotation": 270, "texture": "#top"},
				"down": {"uv": [8, 0, 0, 8], "rotation": 270, "texture": "#top"}
			}
		},
		{
			"from": [9, 2, 11],
			"to": [16, 3, 18],
			"shade": false,
			"rotation": {"angle": 22.5, "axis": "x", "origin": [8, 8, 8]},
			"faces": {
				"north": {"uv": [0, 0, 8, 1], "texture": "#side"},
				"east": {"uv": [0, 0, 8, 1], "texture": "#side"},
				"south": {"uv": [0, 0, 8, 1], "texture": "#side"},
				"west": {"uv": [0, 0, 8, 1], "texture": "#side"}
			}
		},
		{
			"from": [0, 7, 0.01],
			"to": [7, 8, 7],
			"shade": false,
			"rotation": {"angle": -22.5, "axis": "x", "origin": [8, 8, 8]},
			"faces": {
				"north": {"uv": [0, 0, 8, 1], "texture": "#side"},
				"east": {"uv": [0, 0, 8, 1], "texture": "#side"},
				"south": {"uv": [0, 0, 8, 1], "texture": "#side"},
				"west": {"uv": [0, 0, 8, 1], "texture": "#side"}
			}
		},
		{
			"from": [1, 11, 8],
			"to": [8, 12, 15],
			"shade": false,
			"rotation": {"angle": 22.5, "axis": "z", "origin": [8, 8, 8]},
			"faces": {
				"north": {"uv": [0, 0, 8, 1], "texture": "#side"},
				"east": {"uv": [0, 0, 8, 1], "texture": "#side"},
				"south": {"uv": [0, 0, 8, 1], "texture": "#side"},
				"west": {"uv": [0, 0, 8, 1], "texture": "#side"}
			}
		},
		{
			"from": [4.5, 0, 8],
			"to": [11.5, 14, 8],
			"shade": false,
			"rotation": {"angle": 45, "axis": "y", "origin": [8, 8, 8]},
			"faces": {
				"north": {"uv": [4, 0, 12, 14], "texture": "#stem"},
				"south": {"uv": [4, 0, 12, 14], "texture": "#stem"}
			}
		},
		{
			"from": [4.5, 0, 8],
			"to": [11.5, 14, 8],
			"shade": false,
			"rotation": {"angle": -45, "axis": "y", "origin": [8, 8, 8]},
			"faces": {
				"north": {"uv": [4, 0, 12, 14], "texture": "#stem"},
				"south": {"uv": [4, 0, 12, 14], "texture": "#stem"}
			}
		}
	]
}